VNCT Lotus Villa,VNCT Lotus Villas.pdf,2nd Jan 2013,20130102
VNCT Lotus Villa,VNCT Lotus Villas.pdf,6th Feb 2013,20130206
VNCT Lotus Villa,VNCT Lotus Villas.pdf,14th March 2013,20130314
VNCT Lotus Villa,VNCT Lotus Villas.pdf,24th June 2013,20130624
VNCT Lotus Villa,VNCT Lotus Villas.pdf,16th Dec 2013,20131216
VNCT Lotus Villa,VNCT Lotus Villas.pdf,25th March 2014,20140325
VNCT Lotus Villa,VNCT Lotus Villas.pdf,12th April 2015,20150412
The White House,VNCT Lotus Villas.pdf,2nd Jan 2013,20130102
The White House,VNCT Lotus Villas.pdf,6th Feb 2013,20130206
The White House,VNCT Lotus Villas.pdf,14th March 2013,20130314
The White House,VNCT Lotus Villas.pdf,24th June 2013,20130624
The White House,VNCT Lotus Villas.pdf,16th Dec 2013,20131216
The White House,VNCT Lotus Villas.pdf,25th March 2014,20140325
The White House,VNCT Lotus Villas.pdf,12th April 2015,20150412
VNCT Square,VNCT Lotus Villas.pdf,2nd Jan 2013,20130102
VNCT Square,VNCT Lotus Villas.pdf,6th Feb 2013,20130206
VNCT Square,VNCT Lotus Villas.pdf,14th March 2013,20130314
VNCT Square,VNCT Lotus Villas.pdf,24th June 2013,20130624
VNCT Square,VNCT Lotus Villas.pdf,16th Dec 2013,20131216
VNCT Square,VNCT Lotus Villas.pdf,25th March 2014,20140325
VNCT Square,VNCT Lotus Villas.pdf,12th April 2015,20150412
