VNCT Lotus Villa,VLV Site Pic  04.04.pdf,4th April 2016,20160404
VNCT Lotus Villa,VLV Site Pic  07.03.16.pdf,7th March 2016,20160307
VNCT Lotus Villa,VLV Site Pic  22.02.16.pdf,22nd Feb 2016,20160222
VNCT Lotus Villa,VLV Site Pic  29.02.2016.pdf,29th Feb 2016,20160229
VNCT Lotus Villa,VLV Site Pic  30.03.pdf,30th March 2016,20160330
VNCT Lotus Villa,VLV Site Pic on  21.03.pdf,21st March 2016,20160321
VNCT Lotus Villa,VLV Site Pics 15.02.16.pdf,15th Feb 2016,20160215
VNCT Lotus Villa,VLV Site Pictures 08-02-16.pdf,8th Feb 2016,20160208
VNCT Lotus Villa,VLV_Site_Pic_14-03-16.pdf,14th March 2016,20160314
The White House,site pictures and photos as on 1st Feb 2016.pdf,1st Feb 2016,20160201
The White House,Site pictures and progress as on 4thApril 2016.pdf,4th April 2016,20160404
The White House,Site pictures and progress as on 7th Dec 2015.pdf,7th Dec 2015,20151207
The White House,Site Pictures and progress as on 7th March. 2016.pdf,7th March 2016,20160307
The White House,site pictures and progress as on 8th Feb 2016.pdf,8th Feb 2016,20160208
The White House,Site pictures and progress as on 14th Dec 2015.pdf,14th Dec 2015,20151214
The White House,Site Pictures and progress as on 14th March 2016.pdf,14th March 2016,20160314
The White House,site pictures and progress as on 15th Feb 2016.pdf,15th Feb 2016,20160215
The White House,Site pictures and progress as on 21st December 2015.pdf,12st Dec 2015,20151221
The White House,Site pictures and progress as on 21st March 2016.pdf,21st March 2016,20160321
The White House,SITE PICTURES AND PROGRESS AS ON 22nd FEB 2016.pdf,22nd Feb 2016,20160222
The White House,Site pictures and progress as on 28th March 2016.pdf,28th March 2016,20160328
The White House,SITE PICTURES AND PROGRESS AS ON 29th FEB 2016.pdf,29th Feb 2016,20160229
The White House,Site progress and site pictures as on 1st Dec 2015.pdf,1st Dec 2015,20151201
